id,name,customUrl,total_subs,total_video,total_views,total_likes,total_comment,avg_views,avg_likes,avg_comment
UCCzUftO8KOVkV4wQG1vkUvg,Marine Ch. 宝鐘マリン,@houshoumarine,4270000,1446,1984495802,77871618,1088773,1372403.7358229598,53853.1244813278,752.9550484094052
UCTVSOgYuSWmNAt-lnJPkEEw,Jurard T Rexford Ch. HOLOSTARS-EN,@jurardtrexford,169000,393,10558656,905014,19783,26866.809160305344,2302.8346055979646,50.338422391857506
UC48jH1ul-6HOrcSSfoR02fQ,Yuhi Riri Official,@yuhiriri,388000,1355,85578610,3295780,31529,63157.64575645756,2432.309963099631,23.268634686346864
UCAnKiHbZhEayttn6p-sxfbg,Kevin Vangardo【MAHA5】,@kevinvangardo,125000,281,9354317,536939,15056,33289.38434163701,1910.8149466192172,53.580071174377224
UCgA2jKRkqpY_8eysPUs8sjw,Petra Gurin【NIJISANJI EN】,@petragurin,493000,524,28355976,2199240,20904,54114.45801526718,4197.022900763359,39.89312977099237
UCO8WcDsF5znr-qsXlzZNpqg,Ver Vermillion【NIJISANJI EN】,@ververmillion,237000,525,14938626,1512903,21745,28454.525714285715,2881.72,41.41904761904762
UCggO2c1unS-oLwTLT0ICywg,Kotoka Torahime【NIJISANJI EN】,@kotokatorahime,349000,11,9945644,432791,7783,904149.4545454546,39344.63636363636,707.5454545454545
UC7gxU6NXjKF1LrgOddPzgTw,Banzoin Hakka Ch. HOLOSTARS-EN,@banzoinhakka,195000,971,17594771,1762199,35447,18120.25849639547,1814.8290422245109,36.50566426364573
UCMGfV7TVTmHhEErVJg1oHBQ,Ao Ch. 火威青 ‐ ReGLOSS,@hiodoshiao,737000,534,111869587,6758008,79662,209493.60861423222,12655.445692883895,149.17977528089887
UCMzVa7B8UEdrvUGsPmSgyjA,Derem Kado  - にじさんじ / NIJISANJI,@deremkado,46100,244,989882,141613,4882,4056.8934426229507,580.3811475409836,20.008196721311474
UCXRlIK3Cw_TJIQC5kSJJQMg,戌亥とこ -Inui Toko-,@inuitoko,957000,839,280467727,7623489,79152,334288.11323003576,9086.399284862931,94.3408820023838
UCgexPS9fwEtLTCM8VZnEpjA,Marin Goldlock Ch.『 Re:Memories 』,@maringoldlock,37000,264,1962717,170525,2624,7434.534090909091,645.9280303030303,9.93939393939394
UCpJtk0myFr5WnyfsmnInP-w,Hana Macchia Ch.【NIJISANJI・にじさんじ】,@hanamacchia,280000,861,17761746,1511400,30841,20629.205574912892,1755.4006968641115,35.81997677119628
UCGNI4MENvnsymYjKiZwv9eg,Temma Ch. 岸堂天真,@kishidotemma,139000,1736,13468750,1411440,14716,7758.496543778801,813.0414746543779,8.476958525345623
UC6T7TJZbW6nO-qsc5coo8Pg,dooby,@dooby3d,513000,103,12354751,1396155,25219,119949.03883495145,13554.902912621359,244.84466019417476
UCmUjjW5zF1MMOhYUwwwQv9Q,宇志海いちご,@ushimiichigo,187000,801,15116841,942715,10317,18872.460674157304,1176.9225967540574,12.880149812734082
UCyl1z3jo3XHR1riLFKG5UAg,Watson Amelia Ch. hololive-EN,@watsonamelia,1760000,859,179272620,14774765,242707,208699.20838183936,17199.959254947615,282.545983701979
UCdn5BQ06XqgXoAxIhbqw5Rg,フブキCh。白上フブキ,@shirakamifubuki,2640000,2872,712867128,34040159,444144,248212.78830083564,11852.423050139276,154.64623955431756
UC_4tXjqecqox5Uc05ncxpxg,椎名唯華 / Shiina Yuika,@shiinayuika,859000,2284,369512112,12536885,138219,161782.88616462346,5489.003940455342,60.5161996497373
UCvaTdHTWBGv3MKj3KVqJVCw,Okayu Ch. 猫又おかゆ,@nekomataokayu,2060000,1512,597422702,21231300,281753,395120.83465608465,14041.86507936508,186.3445767195767
UCLHmLrj4pHHg3-iBJn_CqxA,Neuro-sama,@neurosama,799000,419,309975076,22060878,186189,739797.3174224343,52651.26014319809,444.36515513126494
UCoWz6jan_0RD-Z1pk3-h9Mg,Leo Axenos Ch.『 Re:Memories 』,@leoaxenos,48800,66,829161,100643,983,12563.045454545454,1524.8939393939395,14.893939393939394
UCgnfPPb9JI3e9A4cXHnWbyg,Shiori Novella Ch. hololive-EN,@shiorinovella,687000,731,70970108,8450740,131607,97086.33105335158,11560.519835841313,180.03693570451438
UC1iA6_NT4mtAcIII6ygrvCw,Hajime Ch. 轟はじめ ‐ ReGLOSS,@todorokihajime,1090000,780,375947640,20604732,261504,481984.1538461539,26416.323076923076,335.26153846153846
UCWQtYtq9EOB4-I5P-3fh8lA,Kanade Ch. 音乃瀬奏 ‐ ReGLOSS,@otonosekanade,763000,729,173183951,9674616,151036,237563.71879286694,13271.078189300411,207.18244170096023
UChLfthKoUV502J7gU9STArg,渋谷ハル,@shibuyahal,911000,4825,618126515,7341612,151046,128109.12227979275,1521.5776165803109,31.304870466321244
UCyapmNSsYj2KkoQEhZEhxrw,Elaine Celestia Ch.『 Re:Memories 』,@elainecelestia,843000,877,99393847,7571361,89557,113333.91904218929,8633.250855188142,102.11744583808438
UCFKOVgVbGmX65RxO3EtH3iw,Lamy Ch. 雪花ラミィ,@yukihanalamy,1360000,1602,332563052,17869608,237400,207592.41697877654,11154.561797752809,148.18976279650437
UCBURM8S4LH7cRZ0Clea9RDA,Reimu Endou【NIJISANJI EN】,@reimuendou,407000,1001,23064493,2397841,30826,23041.451548451547,2395.4455544455545,30.795204795204796
UCXU7YYxy_iQd3ulXyO-zC2w,伏見ガク【にじさんじ所属】,@fushimigaku,352000,1112,63615409,2950413,33725,57208.10161870503,2653.2491007194244,30.328237410071942
UCa9Y57gfeY0Zro_noHRVrnw,Luna Ch. 姫森ルーナ,@himemoriluna,1130000,1173,165827212,10654576,107202,141370.17220801365,9083.184995737425,91.3913043478261
UC9mf_ZVpouoILRY9NUIaK-w,Rikka ch.律可,@rikka,258000,1244,33820409,2048547,29259,27186.823954983924,1646.741961414791,23.520096463022508
UCu-J8uIXuLZh16gG-cT1naw,Finana Ryugu 【NIJISANJI EN】,@finanaryugu,480000,1084,57646742,3371282,46770,53179.65129151291,3110.0387453874537,43.14575645756457
UCHVXbQzkl3rDfsXWo8xi2qw,アンジュ・カトリーナ - Ange Katrina -,@angekatrina,936000,895,197779293,5091876,70727,220982.4502793296,5689.246927374302,79.0245810055866
UCoUFv7APM1XOo4TUaWbRekw,Reynard Blanc Ch.『 Re:Memories 』,@reynardblanc,84000,613,4203963,263379,8449,6858.014681892333,429.6557911908646,13.783034257748776
UC3K7pmiHsNSx1y0tdx2bbCw,Tenma Ch. マエミ 天満 【Phase Connect】,@tenmamaemi,244000,1174,26927575,2049867,43983,22936.605621805793,1746.0536626916526,37.46422487223169
UCHsx4Hqa-1ORjQTh9TYDhww,Takanashi Kiara Ch. hololive-EN,@takanashikiara,1610000,1381,276765802,21204200,387085,200409.70456191167,15354.23606082549,280.2932657494569
UCKeAhJvy8zgXWbh9duVjIaQ,Aruran Ch. アルランディス,@arurandeisu,235000,3177,44771149,3542964,32423,14092.272269436575,1115.1916902738433,10.205539817437835
UCsk_mKQyv_xdhahUBqoVhcg,Haruka Karibu,@harukakaribu,119000,30,2455720,203580,7421,81857.33333333333,6786,247.36666666666667
UC6t3-_N8A6ME1JShZHHqOMw,Miyabi Ch. 花咲みやび,@hanasakimiyabi,148000,1322,9569353,1158365,12077,7238.5423600605145,876.2216338880484,9.135400907715583
UCgRqGV1gBf2Esxh0Tz1vxzw,Uyu Ch. 羽継烏有 - UPROAR!! -,@utsugiuyu,107000,927,5144313,608672,6379,5549.42071197411,656.6040992448759,6.881337648327939
UCyxtGMdWlURZ30WSnEjDOQw,Regis Altare Ch. HOLOSTARS-EN,@regisaltare,305000,667,17471525,1711555,29862,26194.190404797602,2566.049475262369,44.77061469265367
UCL_qhgtOy0dy1Agp8vkySQg,Mori Calliope Ch. hololive-EN,@moricalliope,2590000,1542,673187449,35733968,557163,436567.73605706875,23173.779507133593,361.3249027237354
UC47rNmkDcNgbOcM-2BwzJTQ,Millie Parfait【NIJISANJI EN】,@millieparfait,493000,832,60029119,3603032,81394,72150.38341346153,4330.567307692308,97.82932692307692
UC8rcEBzJSleTkf_-agPM20g,IRyS Ch. hololive-EN,@irys,1120000,640,124733397,8727022,122740,194895.9328125,13635.971875,191.78125
UC7Gb7Uawe20QyFibhLl1lzA,Luca Kaneshiro【NIJISANJI EN】,@lucakaneshiro,1040000,784,127916857,9234416,121115,163159.256377551,11778.591836734693,154.48341836734693
UCCK072ns5Bt1nYqX1CoaZ-g,Mythia Batford,@mythiabatfordch,1100000,1043,86917025,5028119,143301,83333.67689357622,4820.823585810163,137.39309683604986
UCSFCh5NL4qXrAy9u-u2lX3g,Kuzuha Channel,@kuzuha,2110000,2843,1445392423,32114752,296791,508403.94759057334,11296.078790010552,104.39359831164263
UC98iRMvRqUxRD6GP4NtRskw,Dizzy Dokuro Ch. 【Phase Connect】,@dizzydokuro,59100,564,4784821,558138,18922,8483.725177304965,989.6063829787234,33.54964539007092
UCR6qhsLpn62WVxCBK1dkLow,Enna Alouette【NIJISANJI EN】,@ennaalouette,649000,705,78574651,4532499,81259,111453.40567375887,6429.076595744681,115.26099290780142
UCmp1vw137-GvWyrBFraXQUw,Maudy Sukaiga【MAHA5】,@maudysukaigach,10500,237,229511,31208,1572,968.4008438818565,131.67932489451476,6.632911392405063
UCVhRMzNWYcg8XDTgB9NFRTw,Henya the Genius,@henyathegenius,288000,297,17634606,1717177,39622,59375.77777777778,5781.740740740741,133.40740740740742
UC61iJVuFVS4YsnPkZe5EmXg,Akemi Ch. 猫町アケミ【AKA Virtual】,@akeminekomachi,2400000,977,388010118,25067149,904097,397144.440122825,25657.26612077789,925.3807574206755
UC060r4zABV18vcahAWR1n7w,Machina X Flayon Ch. HOLOSTARS-EN,@machinaxflayon,159000,771,10456123,1113094,20209,13561.767833981841,1443.7016861219197,26.211413748378728
UC2hx0xVkMoHGWijwr_lA01w,Axel Syrios Ch. HOLOSTARS-EN,@axelsyrios,244000,963,25354579,2157490,40463,26328.742471443406,2240.3842159916926,42.01765316718588
UClbYIn9LDbbFZ9w2shX3K0g,아야츠노 유니 AYATSUNO YUNI,@ayatsunoyuni,328000,602,158863753,3882668,158838,263893.27740863786,6449.614617940199,263.8504983388704
UCajbFh6e_R8QZdHAMbbi4rQ,Crimzon Ruze Ch. HOLOSTARS-EN,@crimzonruze,94400,486,6518155,654964,17670,13411.841563786009,1347.6625514403293,36.358024691358025
UCckdfYDGrjojJM28n5SHYrA,Vox Akuma【NIJISANJI EN】,@voxakuma,1330000,672,108732431,6441615,112881,161804.21279761905,9585.736607142857,167.97767857142858
UChKXd7oqD18qiIYBoRIHTlw,Meloco Kyoran【NIJISANJI EN】,@melocokyoran,643000,647,89886985,3954732,31963,138928.87944358579,6112.414219474497,49.40185471406492
UC4pEixMozb6UnOtwg5Uew-Q,Cecilia Lieberia Ch.『 Re:Memories 』,@cecilialieberia,87300,688,3683136,418092,15355,5353.395348837209,607.6918604651163,22.31831395348837
UCFTLzh12_nrtzqBPsTCqenA,アキロゼCh。Vtuber/ホロライブ所属,@akirosenthal,1010000,1604,152812949,10748124,99633,95269.91832917706,6700.825436408977,62.11533665835412
UCAoy6rzhSf4ydcYjJw3WoVg,Airani Iofifteen Channel hololive-ID,@airaniiofifteen,809000,1423,49074712,6412138,87286,34486.79690794097,4506.0702740688685,61.33942375263528
UCpZIbzoEC_3rZglErpQkbDg,Rin Penrose Ch. and Snebby,@rinpenrose,875000,721,159553408,19115532,175805,221294.60194174756,26512.527045769762,243.83495145631068
UCXSbl3XQYtx1u4Gvvca7NUA,Lily Ifeta Ch.『 Re:Memories 』,@lilyifeta,85900,738,2656841,295000,9853,3600.0555555555557,399.7289972899729,13.350948509485095
UC8Snw5i4eOJXEQqURAK17hQ,Rai Galilei【NIJISANJI / にじさんじ】,@raigalilei,55200,406,1601705,188036,3215,3945.0862068965516,463.14285714285717,7.91871921182266
UCBiqkFJljoxAj10SoP2w2Cg,文野環【にじさんじの野良猫】ふみのたまき,@fuminotamaki,423000,686,63836978,2841616,78276,93056.8192419825,4142.297376093295,114.10495626822157
UCge_6FJHyeOCxRtWCmaVTAQ,Fuyumi Celestia【MAHA5】,@fuyumicelestiach,231000,430,9343795,770114,41908,21729.75581395349,1790.9627906976743,97.46046511627907
UCjLEmnpCNeisMxy134KPwWw,Kobo Kanaeru Ch. hololive-ID,@kobokanaeru,2740000,595,235299235,10893915,328278,395460.8991596639,18309.100840336134,551.727731092437
UCD-miitqNY3nyukJ4Fnf4_A,月ノ美兎,@tsukinomito,1460000,1001,624243586,20831442,396792,623619.966033966,20810.63136863137,396.3956043956044
UCXTpFs_3PqI41qX2d9tL2Rw,Shion Ch. 紫咲シオン,@murasakishion,1330000,632,249247281,9194556,128569,394378.6091772152,14548.348101265823,203.43196202531647
UCOyYb1c43VlX9rc_lT6NKQw,Ayunda Risu Ch. hololive-ID,@ayundarisu,976000,1278,86975386,9655657,254016,68055.85758998436,7555.287167449139,198.7605633802817
UC727SQYUvx5pDDGQpTICNWg,Anya Melfissa Ch. hololive-ID,@anyamelfissa,771000,1017,43271931,5493079,47472,42548.604719764015,5401.257620452311,46.67846607669617
UCg7sW-h1PUowdiR5K4HlBew,Lia Ch.【Phase Connect】,@rinkouashelia,129000,837,11074807,1072368,24674,13231.549581839905,1281.2043010752689,29.479091995221026
UChgTyjG-pdNvxxhdsXfHQ5Q,Pavolia Reine Ch. hololive-ID,@pavoliareine,842000,1620,82304257,8288024,96436,50805.096913580244,5116.0641975308645,59.528395061728396
UC0g1AE0DOjBYnLhkgoRWN1w,本間ひまわり - Himawari Honma -,@honmahimawari,773000,2223,306631597,9633810,167053,137935.94107062527,4333.697705802969,75.14754835807467
UCoSrY_IQQVpmIRZ9Xf-y93g,Gawr Gura Ch. hololive-EN,@gawrgura,4690000,493,459423680,23427106,535444,931893.8742393509,47519.48478701826,1086.0933062880324
UCtNeQ8cUwvAAhBbVbwfGWpg,Apricot (Froot),@apricotfroot,244000,71,15221756,626958,14888,214390.9295774648,8830.394366197183,209.69014084507043
UC8D3XmwYEr97q-tuNZjUuww,Gingitsune Gehenna【AKA Virtual】,@gingehenna,750000,888,56327450,5411180,84265,63431.81306306306,6093.671171171171,94.89301801801801
UCt9H_RpQzhxzlyBxFqrdHqA,FUWAMOCO Ch. hololive-EN,@fuwamococh,1260000,809,127743615,10118623,142299,157903.108776267,12507.568603213844,175.89493201483313
UCgwZmQZC7O-TP1Xbnz50VtQ,Daisy Ignacia Y【MAHA5】,@daisyignaciaych,47500,456,2103648,141713,3073,4613.263157894737,310.77412280701753,6.739035087719298
UCK4t1P3Aqqe6NDyRS92Opcg,Alia Adelia【MAHA5】,@aliaadeliach,588000,1009,53063766,4054806,287171,52590.45193260654,4018.6382556987114,284.60951437066404
UCHP4f7G2dWD4qib7BMatGAw,Gavis Bettel Ch. HOLOSTARS-EN,@gavisbettel,197000,879,24582023,2234945,42401,27965.896473265075,2542.599544937429,48.237770193401595
UCUKD-uaobj9jiqB-VXt71mA,Botan Ch.獅白ぼたん,@shishirobotan,1550000,1400,288938673,15902086,137043,206384.76642857143,11358.632857142857,97.88785714285714
UCoztvTULBYd3WmStqYeoHcA,笹木咲 / Sasaki Saku,@sasakisaku,940000,1496,266259530,8435183,132157,177980.9692513369,5638.491310160428,88.34024064171123
UCnS5IYNyGKOti9cFlK5SefQ,Michi Mochievee,@michimochievee,209000,296,14533406,1013185,28262,49099.34459459459,3422.9222972972975,95.47972972972973
UCvInZx9h3jC2JzsIzoOebWg,Flare Ch. 不知火フレア,@shiranuiflare,1140000,1643,213574880,13369585,95821,129990.797321972,8137.300669507,58.320754716981135
UCNf5FVGkl1Tv4A-N2fMN20Q,Viyushi Winko【AKA Virtual】,@viyushiwinko,13700,66,147558,12116,604,2235.7272727272725,183.57575757575756,9.151515151515152
UCdyqAaZDKHXg4Ahi7VENThQ,Noel Ch. 白銀ノエル,@shiroganenoel,2040000,1454,402260376,15979367,171191,276657.7551581843,10989.936038514443,117.73796423658872
UCZgOv3YDEs-ZnZWDYVwJdmA,Izuru Ch. 奏手イヅル,@kanadeizuru,254000,768,25268584,1435649,19023,32901.802083333336,1869.3346354166667,24.76953125
UCp6993wxpyDPHUpavwDFqgg,SoraCh. ときのそらチャンネル,@tokinosora,1310000,1718,237334463,14953527,222433,138145.7875436554,8704.032013969732,129.47206053550642
UCmovZ2th3Sqpd00F5RdeigQ,加賀美 ハヤト/Hayato Kagami,@kagamihayato,925000,1504,333339810,8670242,108090,221635.5119680851,5764.788563829788,71.86835106382979
UCrKS2bOUZDXA_R3qhCux7ow,Chloe Pawapua Ch.『 Re:Memories 』,@chloepawapua,185000,182,8245404,122598,25401,45304.41758241758,673.6153846153846,139.56593406593407
UCENwRMx5Yh42zWpzURebzTw,Laplus ch. ラプラス・ダークネス - holoX -,@laplusdarknesss,1460000,842,404239554,19275903,366812,480094.48218527314,22892.996437054633,435.6437054631829
UCt0clH12Xk1-Ej5PXKGfdPA,♥️♠️物述有栖♦️♣️,@mononobealice,263000,677,35482264,1367085,22982,52411.025110782866,2019.327917282127,33.94682422451994
UChAnqc_AY5_I3Px5dig3X1Q,Korone Ch. 戌神ころね,@inugamikorone,2260000,1306,467865953,20345645,256167,358243.4555895865,15578.594946401225,196.14624808575803
UCIeSUTOTkF9Hs7q3SGcO-Ow,Elira Pendora 【NIJISANJI EN】,@elirapendora,521000,959,57524730,3859191,79891,59984.0771637122,4024.182481751825,83.30656934306569
UCijNnZ-6m8g85UGaRAWuw7g,Nagisa Arcinia【NIJISANJI・にじさんじ】,@nagisaarcinia,31600,402,981067,172290,4478,2440.4651741293533,428.5820895522388,11.139303482587065
UCdfMHxjcCc2HSd9qFvfJgjg,Rio Ch. 水無世燐央 - UPROAR!! -,@minaserio,170000,964,15430731,1297073,14425,16006.982365145228,1345.5114107883817,14.96369294605809
UCYVhzyujupNgRbvVPcA3KrA,Izanami Chiara Ch.『 Re:Memories 』,@izanamichiara,19000,107,308091,33519,670,2879.355140186916,313.2616822429907,6.261682242990654
UCIfAvpeIWGHb0duCkMkmm2Q,Nimi Nightmare,@niminightmare,699000,178,30613112,2593706,78381,171983.77528089887,14571.38202247191,440.3426966292135
UCmNeOjitXbWHg_CDNGrwoHw,Raveanne【AKA Virtual】,@raveanne,21200,116,323905,38009,1319,2792.2844827586205,327.66379310344826,11.370689655172415
UC0TXe_LYZ4scaW2XMyi5_kw,AZKi Channel,@azki,1300000,1103,236826303,12827538,163062,214711.06346328196,11629.68087035358,147.83499546690842
UCO_aKKYxn4tvrqPjcTzZ6EQ,Ceres Fauna Ch. hololive-EN,@ceresfauna,1000000,736,155510555,10035602,203543,211291.51494565216,13635.328804347826,276.5529891304348
UCs9_O1tRPMQTHQ-N_L6FU2g,Lui ch. 鷹嶺ルイ - holoX -,@takanelui,1100000,1915,394543700,21645737,212553,206028.04177545692,11303.256919060052,110.99373368146215
UCqm3BQLlJfvkTsX_hvm0UmA,Watame Ch. 角巻わため,@tsunomakiwatame,1700000,2870,592509963,36139981,543156,206449.4644599303,12592.32787456446,189.25296167247387
UCjXJYPsKxoJyc-1RPB6dSyw,Uruka Ch. 藤倉ウルカ 【Phase Connect】,@fujikurauruka,173000,893,12779273,1108080,28292,14310.4960806271,1240.8510638297873,31.681970884658455
UC1DCedRgGHBdm81E1llLhOQ,Pekora Ch. 兎田ぺこら,@usadapekora,2740000,2295,1020098196,35896906,533795,444487.231372549,15641.353376906318,232.59041394335512
UCgIfLpQvelloDi8I0Ycbwpg,壱百満天原サロメ / Hyakumantenbara Salome,@hyakumantenbarasalome,1820000,1046,343704312,14215492,206381,328589.2084130019,13590.336520076482,197.30497131931168
UCIBY1ollUsauvVi4hW4cumw,Chloe ch. 沙花叉クロヱ - holoX -,@sakamatachloe,1340000,594,209507947,10996454,132250,352706.98148148146,18512.548821548822,222.64309764309763
UC6eWCld0KwmyHFbAqK3V-Rw,Koyori ch. 博衣こより - holoX -,@hakuikoyori,1340000,2810,623207385,30902133,436433,221781.987544484,10997.200355871886,155.31423487544484
UCpw2MGdcV_a-QyDzXTLitDg,Caveine,@caveine,788000,929,312953940,19885149,810013,336871.84068891284,21404.89666307858,871.91926803014
UC1suqwovbL1kzsoaZgFZLKg,Choco Ch. 癒月ちょこ,@yuzukichoco,1110000,948,90452129,6803132,42802,95413.63818565401,7176.299578059072,45.14978902953587
UCp-5t9SrOQwXMU7iIjQfARg,Mio Channel 大神ミオ,@ookamimio,1340000,1350,283057151,14454483,142384,209671.96370370372,10707.024444444445,105.46962962962964
UCjFu-9GHnabzSFRAYm1B9Dw,Etna Crimson【NIJISANJI / にじさんじ】,@etnacrimson,58700,440,1856458,263372,7266,4219.222727272727,598.5727272727273,16.513636363636362
UCZQ7nZ8Lc7pslBN0gN1Jg0w,Bao The Whale,@baovtuber,1080000,925,394682861,19850805,236971,426684.1740540541,21460.32972972973,256.1848648648649
UCtC7olOldksX4fcl_8XKUFA,Harris Caine【AKA Virtual】,@harriscaine,1290000,730,123704367,12223557,448299,169458.03698630136,16744.598630136985,614.1082191780822
UCc88OV45ICgHbn3ZqLLb52w,Fuma Ch. 夜十神封魔 - UPROAR!! -,@yatogamifuma,159000,788,15610724,1093047,18425,19810.56345177665,1387.1154822335025,23.381979695431472
UChJ5FTsHOu72_5OVx0rvsvQ,Uki Violeta 【NIJISANJI EN】,@ukivioleta,663000,901,69985950,4836977,60637,77675.8601553829,5368.453940066593,67.29966703662598
UCQ0UDLQCjY0rmuxCDE38FGg,Matsuri Channel 夏色まつり,@natsuiromatsuri,1550000,1622,245398943,14139450,179178,151294.04623921085,8717.2934648582,110.46732429099876
UCwokZsOK_uEre70XayaFnzA,鈴鹿詩子 Utako Suzuka,@suzukautako,548000,882,129694580,3594579,136768,147046.0090702948,4075.486394557823,155.06575963718822
UCANDOlYTJT7N5jlRC3zfzVA,Roberu Ch. 夕刻ロベル,@yukokuroberu,359000,2098,59570677,3543180,37188,28394.03098188751,1688.836987607245,17.725452812202096
UC9ruVYPv7yJmV0Rh0NKA-Lw,kson ONAIR,@ksononair,1330000,1140,108715988,7367478,115020,95364.90175438597,6462.7,100.89473684210526
UC6YnTqZidFg4WUiXpiCtSSQ,아이리 칸나 Music Official,@airikanna,189000,42,94199983,802657,52453,2242856.738095238,19110.880952380954,1248.8809523809523
UCTvHWSfBZgtxE4sILOaurIQ,Vestia Zeta Ch. hololive-ID,@vestiazeta,1010000,841,62511525,6217726,84927,74329.99405469678,7393.253269916766,100.9833531510107
UCN5bD1YYapThOeadG7YkBOA,Iori Ch. 白鹿いおり【Phase Connect】,@hakushikaiori,36800,757,1283121,254388,5673,1695.007926023778,336.04755614266844,7.494055482166447
UC7fk0CB07ly8oSl0aqKkqFg,Nakiri Ayame Ch. 百鬼あやめ,@nakiriayame,1680000,415,181446995,7548574,79536,437221.6746987952,18189.334939759035,191.65301204819278
UCVLsPBwDtv7n7FZLiOsvhSQ,Zentreya,@zentreya,435000,1148,70170296,6348214,132454,61123.95121951219,5529.803135888502,115.3780487804878
UC-oCJP9t47v7-DmsnmXV38Q,릴파 lilpa,@lilpa,446000,958,318680755,11022078,363836,332652.1450939457,11505.300626304801,379.78705636743217
UCP0BspO_AMEe3aQqqpo89Dg,Moona Hoshinova hololive-ID,@moonahoshinova,1400000,995,135589342,9630629,169716,136270.69547738694,9679.024120603015,170.56884422110554
UChSvpZYRPh0FvG4SJGSga3g,Shien Ch.影山シエン,@kageyamashien,223000,873,15521379,1263819,11946,17779.35738831615,1447.6735395189003,13.683848797250858
UCGhqxhovNfaPBpxfCruy9EA,Fulgur Ovid 【NIJISANJI EN】,@fulgurovid,465000,628,31712864,2485383,34003,50498.19108280255,3957.6162420382166,54.144904458598724
UC3n5uGu18FoCy23ggWWp8tA,Nanashi Mumei Ch. hololive-EN,@nanashimumei,1170000,483,118377565,8954381,154595,245088.12629399585,18539.09109730849,320.07246376811594
UC_sFNM0z0MWm9A6WlKPuMMg,Nerissa Ravencroft Ch. hololive-EN,@nerissaravencroft,941000,512,93403895,6478123,129881,182429.482421875,12652.583984375,253.673828125
UCZlDXzGoo7d44bwdNObFacg,Kanata Ch. 天音かなた,@amanekanata,1680000,1749,542491117,26906072,486097,310172.16523727844,15383.688965122927,277.92853058890796
UCZ1xuCK1kNmn5RzPYIZop3w,リゼ・ヘルエスタ -Lize Helesta-,@lizehelesta,961000,1056,303655047,8082945,83771,287552.1278409091,7654.303977272727,79.32859848484848
UC_GCs6GARLxEHxy1w40d6VQ,家長むぎ【にじさんじ所属】,@ienagamugi,263000,436,21144951,840381,16743,48497.59403669725,1927.4793577981652,38.40137614678899
UCspv01oxUFf_MTSipURRhkA,Kanae Channel,@kanae,1510000,4246,793969910,580805,178212,186992.442298634,136.78874234573718,41.97173810645313
UC1CfXB_kRs3C-zaeTG3oGyg,HAACHAMA Ch 赤井はあと,@akaihaato,1580000,1515,264932226,19025866,487517,174872.75643564356,12558.327392739275,321.793399339934
UCdh-YF2gTzqDNu0VU9lwPPw,Claude Clawmark 【NIJISANJI EN】,@claudeclawmark,150000,364,10295348,680488,10012,28283.923076923078,1869.4725274725274,27.505494505494507
UCx_zwZuGIS4jxO07kFk8G6Q,Lumi Ch.【Phase Connect】,@kanekolumi,125000,1035,13510501,1033201,35819,13053.624154589372,998.2618357487922,34.60772946859903
UCG0rzBZV_QMP4MtWg6IjhEA,Shu Yamino【NIJISANJI EN】,@shuyamino,973000,671,73098329,5005591,48052,108939.38748137109,7459.897168405365,71.61251862891207
UC9QnAjC7mT4ggHuedr1_kqQ,Andi Adinata【MAHA5】,@andiadinatachannel,703000,666,72591373,4360294,356891,108996.05555555556,6546.987987987988,535.8723723723724
UC9V3Y3_uzU5e-usObb6IE1w,星川サラ / Sara Hoshikawa,@hoshikawasara,1180000,1748,366309472,11331742,168415,209559.19450800915,6482.689931350114,96.34725400457666
UCQ1zGxHrfEmmW4CPpBx9-qw,Alban Knox 【NIJISANJI EN】,@albanknox,734000,935,65479281,6152573,52045,70031.31657754011,6580.291978609625,55.663101604278076
UCUERxnZSjCq-G7OfYL7Nukg,GEEGA,@geega,103000,89,4963116,355621,7501,55765.348314606745,3995.741573033708,84.28089887640449
UCFnXTeBpJRPSN6QmWz_uDgQ,Shylily,@shylily,1010000,279,66213613,4404509,88929,237324.77777777778,15786.770609318997,318.741935483871
UCUzJ90o1EjqUbk2pBAy0_aw,Gilzaren III Season 2,@gilzareniii,195000,53,7006823,348440,5470,132204.20754716982,6574.33962264151,103.20754716981132
UCCh8poxQxFU5q5WeXq3uv-g,Fure ⚠️,@frederett,552000,1177,82339337,4767508,215616,69956.95581988106,4050.5590484282075,183.1911639762107
UC1uv2Oq6kNxgATlCiez59hw,Towa Ch. 常闇トワ,@tokoyamitowa,1550000,1659,409386220,18827684,194176,246766.85955394816,11348.814948764315,117.04400241109101
UCNVEsYbiZjH5QLmGeSgTSzg,astel ch.アステル,@astelleda,275000,1152,33850560,2164781,28472,29384.166666666668,1879.150173611111,24.71527777777778
UC-hM6YJuNYVAmUWxeIr9FeA,Miko Ch. さくらみこ,@sakuramiko,2470000,1938,873737797,36047857,456281,450845.0964912281,18600.54540763674,235.4391124871001
UCK9V2B22uJYu3N7eR_BT9QA,Polka Ch. 尾丸ポルカ,@omarupolka,1340000,1999,328940738,19515612,296668,164552.64532266132,9762.687343671836,148.40820410205103
UCv1fFr156jc65EMiLbaLImw,剣持刀也,@kenmochitoya,1190000,593,297025968,9164218,152441,500886.96121416526,15453.993254637437,257.06745362563237
UCdXAk5MpyLD8594lm_OvtGQ,Raden Ch. 儒烏風亭らでん ‐ ReGLOSS,@juufuuteiraden,1200000,563,172478488,9971502,222568,306356.10657193605,17711.371225577266,395.32504440497337
UCsg-YqdqQ-KFF0LNk23BY4A,樋口楓【にじさんじ所属】,@higuchikaede,979000,1802,382353793,16480441,141034,212183.01498335184,9145.63873473918,78.26526082130965
UChTA8kHyInr2rKZ2aBv5ULw,Victoria Brightshield 【NIJISANJI EN】,@victoriabrightshield,102000,208,2676971,282790,5937,12870.052884615385,1359.5673076923076,28.54326923076923
UCDqI2jOz0weumE8s7paEk6g,Roboco Ch. - ロボ子,@robocosan,1140000,1870,154288443,12701065,203803,82507.18877005347,6792.013368983958,108.9855614973262
UCMqGG8BRAiI1lJfKOpETM_w,Josuiji Shinri Ch. HOLOSTARS-EN,@josuijishinri,135000,888,10717135,1252100,23520,12068.845720720721,1410.0225225225224,26.486486486486488
UCo2N7C-Z91waaR6lF3LL_jw,甲斐田 晴 / Kaida Haru【にじさんじ】,@kaidaharu,712000,1929,257764905,13146502,125769,133626.18195956454,6815.190254017626,65.19906687402799
UC_vMYWcDjmfdpH6r4TTn1MQ,Iroha ch. 風真いろは - holoX -,@kazamairoha,1130000,994,265019916,15846731,218811,266619.6338028169,15942.385311871227,220.1317907444668
UCyRkQSuhJILuGOuXk10voPg,Layla Alstroemeria【NIJISANJI / にじさんじ】,@laylaalstroemeria,80100,678,3003691,388390,7651,4430.222713864307,572.8466076696166,11.284660766961652
UCMwGHR0BTZuLsmjY_NT5Pwg,Ninomae Ina'nis Ch. hololive-EN,@ninomaeinanis,1650000,849,175726274,13951148,163558,206980.29917550058,16432.44758539458,192.64782096584216
UC9p_lqQ0FEDz327Vgf5JwqA,Koseki Bijou Ch. hololive-EN,@kosekibijou,913000,683,108406225,7816391,87348,158720.68081991214,11444.203513909224,127.8887262079063
UCAWSyEs_Io8MtpY3m-zqILA,Nene Ch.桃鈴ねね,@momosuzunene,1310000,1200,211450006,13200274,138677,176208.33833333335,11000.228333333333,115.56416666666667
UCPZIPuQPrfrUG9Xe_okEmQA,PLAVE 플레이브,@plave_official,1120000,1401,534913895,24779710,1063898,381808.6331192006,17687.159172019987,759.3847251962884
UCxsZ6NCzjU_t4YSxQLBcM5A,saba,@samekosaba,1410000,42,22094600,1803888,76486,526061.9047619047,42949.71428571428,1821.095238095238
UCtyWhCj3AqKh2dXctLkDtng,Ririka Ch. 一条莉々華 ‐ ReGLOSS,@ichijouririka,713000,979,96880550,6858785,163827,98958.68232890705,7005.909090909091,167.34116445352402
UC6oDys1BGgBsIC3WhG1BovQ,Shizuka Rin Official,@shizukarin,382000,2174,76600964,2948709,21839,35235.034038638456,1356.351885924563,10.045538178472862
UComInW10MkHJs-_vi4rHQCQ,Dokibird,@dokibird,898000,1019,114103790,11378812,137038,111976.24141315014,11166.64573110893,134.48282630029442
UCYz_5n-uDuChHtLo7My1HnQ,Kureiji Ollie Ch. hololive-ID,@kureijiollie,1390000,1409,93431085,9812761,149300,66310.20936834635,6964.344215755856,105.96167494677076
UCXMdn7Omv5l2yqQxuepQtNA,Hera Garalea【MAHA5】,@heragaraleach,94600,659,5579803,288608,7613,8467.075872534142,437.948406676783,11.552352048558422
UCJ46YTYBQVXsfsp8-HryoUA,Pipkin Pippa Ch.【Phase Connect】,@pipkinpippa,427000,1493,88791905,7474627,204831,59472.139986604154,5006.448091091762,137.19423978566644
UC1opHUrw8rvnsadT-iGp7Cg,Aqua Ch. 湊あくあ,@minatoaqua,2220000,744,564476623,20331893,424123,758705.1384408602,27327.81317204301,570.0577956989247
UCgmPnx-EEeOrZSg5Tiw7ZRQ,Hakos Baelz Ch. hololive-EN,@hakosbaelz,1100000,1110,192301597,13855977,173659,173244.681981982,12482.862162162162,156.44954954954954
UCuuAb_72QzK0M1USPMEl1yw,Sonny Brisko 【NIJISANJI EN】,@sonnybrisko,541000,586,29845543,2295288,27572,50930.96075085324,3916.873720136519,47.051194539249146
UCwL7dgTxKo8Y4RFIKWaf8gA,Oga Ch.荒咬オウガ,@aragamioga,195000,1282,11265154,1296881,13711,8787.171606864275,1011.6076443057723,10.695007800312013
UCFszEWTHtaS-LT-JPBnDMlA,Nimu Ch.,@nimuch,1380000,113,93648973,7578219,187444,828751.9734513274,67063.88495575222,1658.796460176991
UC6wvdADTJ88OfIbJYIpAaDA,不破 湊 / Fuwa Minato【にじさんじ】,@fuwaminato,1160000,1636,544355436,18087910,230279,332735.5965770171,11056.179706601468,140.75733496332518
UC5CwaMl1eIgY8h02uZw7u8A,Suisei Channel,@hoshimachisuisei,2820000,994,1217951785,12926326,479072,1225303.606639839,13004.352112676057,481.9637826961771
UCxL9H-mOD2Op4yynXPOWGnQ,Saku Kurata 【MAHA5】,@sakukuratamaha5,15100,201,342633,48833,1333,1704.641791044776,242.9502487562189,6.6318407960199
UCjQyHnE_Q58jYTaP8gRHv4g,Rena Anggraeni【MAHA5】,@renaanggraeni,63300,284,1113159,112809,2955,3919.573943661972,397.21478873239437,10.404929577464788
UCtpB6Bvhs1Um93ziEDACQ8g,Kazaki Ch. ‐ 森中花咲 ‐,@morinakakazaki,333000,678,113638408,3296351,53000,167608.2713864307,4861.874631268436,78.17109144542773
UCLk1hcmxg8rJ3Nm1_GvxTRA,Octavio Ch. HOLOSTARS-EN,@octavio_en,112000,608,8731649,872647,22835,14361.264802631578,1435.2746710526317,37.557565789473685
UCIa2OxCyhjWjJke-9yYNbwA,Pia Meraleo - JKT48V,@piameraleo-jkt48v,156000,628,7978679,749557,21797,12704.902866242039,1193.562101910828,34.70859872611465
UCJlcEuTs4LNMPn0xL3czRrA,ONShannon 【AKA Virtual】,@onshannon_,144000,336,7420818,636970,4972,22085.76785714286,1895.7440476190477,14.797619047619047
UCvN5h1ShZtc7nly3pezRayg,Cecilia Immergreen Ch. hololive-EN,@holoen_ceciliaimmergreen,473000,329,36393349,3220094,52110,110618.0820668693,9787.519756838905,158.3890577507599
UCvjNdLLy5sinqD92Axk8w-g,filian,@filianislost,3120000,1541,1502500988,97487469,836057,975016.8643737832,63262.4717715769,542.5418559377027
UChgPVLjqugDQpRLWvC7zzig,ironmouse,@ironmouseparty,1450000,1416,293826656,21100107,366021,207504.70056497175,14901.205508474577,258.489406779661
UC5LyYg6cCA4yHEYvtUsir3g,一ノ瀬うるは,@uruhaichinose,739000,2022,208925154,4348834,63111,103325.99109792284,2150.7586547972305,31.212166172106826
UCDHABijvPBnJm7F-KlNME3w,Gigi Murin Ch. hololive-EN,@holoen_gigimurin,534000,344,43742865,3426524,50461,127159.49127906977,9960.82558139535,146.6889534883721
UCyam-qAWHwBoVnTNXk3gHbQ,Tana Nona - JKT48V,@tananona-jkt48v,128000,398,3185342,333013,9044,8003.371859296482,836.7160804020101,22.723618090452263
UCRfz2yOn8C7Jg5zq4Xi67-Q,HimeHajime,@himehajime1570,111000,25,1435111,85669,4282,57404.44,3426.76,171.28
UCMxxFFeuhFQ30quuePTym0A,Hai Halo Epel!,@haihaloepel,104000,491,2526593,261738,45667,5145.810590631365,533.0712830957231,93.0081466395112
UC4WvIIAo89_AzGUh1AZ6Dkg,Rosemi Lovelock【NIJISANJI EN】,@rosemi_lovelock,473000,790,39622209,3420620,50157,50154.69493670886,4329.898734177215,63.48987341772152
UCN5J_HKNGFCPtqAnSjBekcA,K9KURO,@k9kuro,281000,247,9372832,883510,16223,37946.68825910931,3576.9635627530365,65.68016194331983
UCYm4XQ_YzSnaBZ0UdOIAlrQ,Isha Kirana - JKT48V,@ishakirana-jkt48v,8920,29,167505,18059,817,5776.0344827586205,622.7241379310345,28.17241379310345
UCTVFh6LIPPU6ea7jfUvc_YA,Koh Acuk Ch. 【AKA Virtual】,@kohacukch,72800,448,2502443,180663,4244,5585.810267857143,403.265625,9.473214285714286
UCvUc0m317LWTTPZoBQV479A,橘ひなの / Hinano Tachibana,@hinanotachiba7,954000,1481,255613937,4936321,49941,172595.50101282916,3333.0999324780555,33.721134368669816
UCJv02SHZgav7Mv3V0kBOR8Q,Goldbullet Ch. HOLOSTARS-EN,@goldbulletch,80100,278,2508897,297067,5287,9024.809352517985,1068.586330935252,19.01798561151079
UCW5uhrG1eCBYditmhL0Ykjw,Elizabeth Rose Bloodflame Ch. hololive-EN,@holoen_erbloodflame,584000,193,25989814,2221839,38997,134662.24870466322,11512.119170984455,202.05699481865284
UCWK3jDHD_LzCTu4CF7amN8A,Maura Nilambari - JKT48V,@mauranilambari-jkt48v,9210,43,225621,27852,1094,5247,647.7209302325581,25.441860465116278
UCndWeMfiDIQs-o18GJPwETA,Karissa Sharlotte【AKA Virtual】,@karisharl,119000,507,3471240,348712,10406,6846.627218934911,687.7948717948718,20.52465483234714
UCzuELV9IeEGNI3_3MUSNnow,Violetta Calytrix【AKA Virtual】,@violettacalytrix,214000,389,27295849,668122,15413,70169.27763496144,1717.5372750642673,39.62210796915167
UCrLhVcbVYhSGWlR6oM8FqTg,Sami Maono - JKT48V,@samimaono-jkt48v,9280,20,134789,14605,695,6739.45,730.25,34.75
UCnSv209ePY7gJRPJSBns4gw,Kanaia Asa - JKT48V,@kanaiaasa-jkt48v,100000,256,2102944,220189,6802,8214.625,860.11328125,26.5703125
UC_AGUYW4usybdi-WTZQcYxg,njess 【AKA Virtual】 ,@njejessie,39600,392,1885547,159043,5242,4810.068877551021,405.7219387755102,13.372448979591837
UCl69AEx4MdqMZH7Jtsm7Tig,Raora Panthera Ch. hololive-EN,@holoen_raorapanthera,588000,378,45502946,4611569,45805,120378.16402116402,12199.917989417989,121.17724867724868
UC2B0SzkxgW4HUnUk2Q_OM6g,lortlimbah,@lortlimbah,55700,538,11796092,306047,47167,21925.82156133829,568.860594795539,87.67100371747212
UCxx2uRmAwkhb3QJMfLssgsw,Matara Kan,@matarakan,268000,411,24404331,1564505,40937,59377.93430656935,3806.581508515815,99.60340632603406
UCvzGlP9oQwU--Y0r9id_jnA,Subaru Ch. 大空スバル,@oozorasubaru,1960000,1840,586416728,22018886,300121,318704.7434782609,11966.785869565218,163.1092391304348
